Start,End,Sequence,Length,Color
18[143],17[159],TTTAGTATATCATAATTACTAGAAAAAGGCT,31,#00f900
20[127],22[120],AATCGGCTTTTGCACCCAGCTACACGTCTTTCCAGAGCCT,40,#000000
22[207],20[208],CGTTCCAGTTAATGCCCCCTGCCTCTCAGGAG,32,#000000
17[32],19[31],TTTCAAATTAGGCAGAGGCATTGACAAAAG,30,#000000
22[63],25[63],ACGATTTTTGAACAAAGTCAGAGGAAACGCAATAATAACGAGAAACGC,48,#000000
24[271],22[272],CAGCACCGCAGAGCCGCCGCCAGTGGCCTT,30,#000000
2[239],1[247],ACAACCCG????????????????,24,#00fdff
8[175],6[176],GGTGTCTGCAATTCTGCGAACGAGCTGTAATA,32,#000000
21[32],23[31],TCCGGTAATGAAAATAGCAGCCCGCATTAG,30,#000000
18[175],16[176],TTCACGTTAGCCTTTAATTGTATCTTTTTCAT,32,#000000
18[271],16[272],AATTTTCTGCCCACGCATAACCGAAAGGCC,30,#000000
25[256],24[272],ATCACCAGTAGCACCATTACCATTCGATAG,30,#000000
8[207],6[208],CTCAACATATTAGATACATTTCGCGCTAAATC,32,#000000
6[127],8[120],CGTCGCTGCCGGGTCACTGTTGCCTCGTCATAAACATCCC,40,#000000
12[111],10[112],GGTTTGCCTGGTTTTTCTTTTCACAAATTGTT,32,#000000
17[256],20[256],CAACCATCGTATGGGATTTTGCTATTCCACAGACAGCCCTTCGAGAGG,48,#000000
2[271],1[279],CAGCTTTC????????????????,24,#00fdff
21[96],23[95],CCTTAAATAATAAACAGCCATATTTATCAGAG,32,#000000
11[160],12[144],GAATACCAAGATTCATCAGTTGACCGCCTGG,31,#000000
23[120],25[127],AGCCCAATAATAAGAGCCGAAGCCCTTTTTAATTACCAGC,40,#000000
9[160],10[144],CCTGACTAAAATCAAAAATCAGGTCGTAATC,31,#000000
4[207],2[208],AGAATCGATTAAATTGTAAACGTTGAACAAAC,32,#000000
20[143],19[159],GTAGAAACTATCCCATCCTAATTTACCACCC,31,#000000
15[32],17[31],ATTTCATTATATGTAAATGCTGGAAAACTT,30,#000000
13[96],15[95],GTAAAACAGATTGCTTTGAATACCAGTGAATA,32,#000000
20[175],18[176],TCAGAACCAGGGATAGCAAGCCCAATAATTTT,32,#000000
15[256],17[255],AAACAAAGGGGATCGTCACCCTCAAATGACAA,32,#000000
20[47],18[48],TTATTTTCAATTCTGTCCAGACGAAACGCCAA,32,#000000
25[160],24[176],TGAGGGAGGGAAGGTAAATATTGACCTTATTA,32,#000000
12[47],10[48],AAATCAAACCAGCTGCATTAATGAGGGTGCCT,32,#000000
20[191],22[184],CTCAGAACGTGCCCGTATAAACAGTAAGCGTCATACATGG,40,#000000
9[32],11[31],CCAGAATAGCTAACTCACATTAGGGAAACC,30,#000000
12[79],10[80],ATGGTGGTGGAGAGGCGGTTTGCTACGAGC,30,#000000
20[271],18[272],AAGTGCCGCATAGTTAGCGTAACGTAAATG,30,#000000
2[111],1[119],CTCAGGAA????????????????,24,#00fdff
3[96],5[95],TTTCCCAGAGCGCCATGTTTACCAAAAGCCGC,32,#000000
11[224],13[223],AACACTACGTTGGGAAGAAAAACTCATTCA,30,#000000
5[96],7[95],ACAGGCGGGCACATCCTCATAACGACTCAATC,32,#000000
13[160],14[144],AGAGTAATATAGGCTGGCTGACCACAGTAAC,31,#000000
3[256],6[256],AGCTCATTTTGAGAGATCTACAAACGGAGACAGTCAAATCAAGGCAAA,48,#000000
17[160],18[144],CCAAAAGGGAAAATCTCCAAAAAAAAGCCTG,31,#000000
12[143],11[159],CCCTGAGAAGCTGATTGCCCTTCAGATTTAG,31,#000000
18[79],16[80],TAATTGAGATTTAATGGTTTGAACTGAGAG,30,#000000
4[271],2[272],AGCTATTTTTTTAACCAATAGGACTGTAGC,30,#000000
16[111],14[112],AGTGAATTTCTGTAAATCGTCGCTAATAACGG,32,#000000
3[9],1[24],CGATCGGTGCGGGCCGCAACTGTTGGGAAG????????????????,46,#00fdff
13[32],15[31],TTAAAGAGCAAAAGAAGATGATATTTAACA,30,#000000
12[239],10[240],AGTCAGGATCATAACCCTCGTTTACAATACTG,32,#00f900
2[103],3[95],GATCGCACTCCAGCCAGCCAGGGT,24,#ff0000
8[271],6[272],CTTTTGATTGAAAAGGTGGCATCATAAATC,30,#000000
15[96],17[95],ACCTTGCTTATCAAAATCATAGGTATACCGAC,32,#000000
12[271],10[272],TTATGCGAACCAAAATAGCGAGATAATAGT,30,#000000
24[207],22[208],CATCGGCACGCCACCCTCAGAACCGAATTTAC,32,#000000
12[207],10[208],AATAAAACGGAATTACGAGGCATAGAATCCCC,32,#000000
3[64],6[64],GCAAGGCGAGAGATAGACTTTCTCGTGTACATCGACATAAGTAGAACG,48,#000000
4[47],2[48],AGGGATAGCAGCTGGCGAAAGGGGCAGGCAAA,32,#00f900
21[160],22[144],ACGGGGTCAGTGTACTGGTAATATACCAACG,31,#000000
19[224],21[223],TACAAACAGGTGTATCACCGTAATTTCGGA,30,#000000
22[79],20[80],CCAATCCACCGACTTGCGGGAGGAACCAAG,30,#000000
24[143],23[159],CTATCTTACAAGAAACAATGAAATAAAATCA,31,#000000
10[239],8[240],CGGAATCGTATCGCGTTTTAATTCGGATGGCT,32,#000000
18[47],16[48],CATGTAATTATATTTTAGTTAATTGGTTGGGT,32,#000000
10[271],8[272],AAAATGTTCAGACCGGAAGCAAAATTGCTC,30,#000000
25[64],24[80],AAAGACACCACGGAATAAGTTTAAGAAGGA,30,#000000
16[47],14[48],TATATAACTTGAATTACCTTTTTTCATTTCAA,32,#000000
22[143],21[159],CTAACGAGATTTTATCCTGAATCTAGTTTTA,31,#000000
25[192],24[208],ATTCATTAAAGGTGAATTATCACCCGCGTTTT,32,#000000
24[47],22[48],AAAAGAACAATTAACTGAACACCCTTGTTTAA,32,#000000
24[175],22[176],GCGTTTGCAGAGCCACCACCGGAACTTTTGAT,32,#000000
19[96],21[95],TGTTTATCCCAAGAACGGGTATTATTTTGAAG,32,#000000
17[64],20[64],TGACCTAAAATCGCCATATTTAACCGACAATAAACAACATTCATCGAG,48,#000000
25[128],25[159],GCCAAAGACAAAAGGGCGACATTCAACCGAT,31,#000000
13[64],15[63],GAAAAACCGCAGAGGCGAATTATTAATGGAAA,32,#00f900
15[224],17[223],TCTTTGATCGGAACGAGGGTAGTAAACAGC,30,#000000
9[96],11[95],TCTTCGCGACAATTCCACACAACAGTATTGGG,32,#000000
23[160],24[144],CCGGAACCCATCTTTTCATAATCAGCAATAG,31,#000000
15[160],16[144],GTAATGCCTTCCATTAAACGGGTCATAGCGA,31,#000000
3[192],6[192],GCAAATATTGAACGGTAATCGTAACATATATTTTAAATGCCAAAAACA,48,#000000
11[32],13[31],TGTCGTGAGAATAGCCCGAGATGTCCACTA,30,#000000
2[231],3[223],TCGGATTCTCCGTGGAATATTTT,23,#ff0000
16[207],14[208],ACAGAGGCCAAAAGAATACACTAACTGACCAA,32,#000000
14[143],13[159],AGTACCTTAACGTCAGATGAATATTTCATCA,31,#000000
10[143],9[159],ATGGTCATGGTACCGAGCTCGAATTCTTTAC,31,#00f900
19[32],21[31],GTAAAGTATCGTAGGAATCATTAAGGCTTA,30,#000000
9[184],11[191],AGCGGATTGCATCAAACTTTAAACAGTTCAGAATACATAA,40,#000000
24[79],22[80],AACCGAGGGTAATTGAGCGCTAAATTTATC,30,#00f900
14[207],12[208],CTTTGAAACAACGTAACAAAGCTGTCTACGTT,32,#000000
20[207],18[208],GTTTAGTACGTAACACTGAGTTTCATAGAAAG,32,#000000
19[160],20[144],TCATTTTCGCCACCCTCAGAGCCACGAGCAT,31,#000000
4[111],2[112],AAACGTACTCACGACGTTGTAAAAGTATCGGC,32,#000000
10[207],8[208],CTCAAATGAAGATTAAGAGGAAGCTGCTGTAG,32,#000000
20[63],22[64],AACAAGCACGTTTTAGCGAACCTCAATAAGAA,32,#000000
8[111],6[112],GTGTGTTCGCGGTTGCGGTATGAGGCAGCCTC,32,#000000
10[79],8[80],CGGAAGCATTTCTGCCAGCACGCCATCAGA,30,#000000
14[111],12[112],ATTCGCCTGAAATAAAGAAATTGCTCCACGCT,32,#000000
7[96],9[95],CGCCGGGCAGCAAATCGTTAACGGGTGCCTGT,32,#000000
18[239],16[240],TCAACAGTCGATAGTTGCGCCGACGCAGCGAA,32,#000000
7[32],9[31],CAGCTTAATCAGACGATCCAGCTGCTGCGG,30,#000000
20[79],18[80],TACCGCACGTTCAGCTAATGCAGTAGGGCT,30,#000000
6[175],4[176],CTTTTGCGAAATTTTTAGAACCCTAACTAGCA,32,#000000
5[160],6[144],AAGGATAAGGAGAAGCCTTTATTCAAACGCG,31,#000000
2[143],1[151],TGCCAGTT????????????????,24,#00fdff
10[111],8[112],ATCCGCTCTCCGTGAGCCTCCTCATTACACTG,32,#000000
3[32],5[31],ATTACGCCTCTCACGGAAAAAGCTGCTCAT,30,#000000
22[47],20[48],CGTCAAAATTCTAAGAACGCGAGGAGCCGTTT,32,#000000
23[32],25[31],ACGGGAGTGGCATGATTAAGACAAATACAT,30,#000000
4[239],2[240],GGTCATTGTTCGCATTAAATTTTTAGCGAGTA,32,#000000
15[64],17[63],CAGTACATTTTAACCTCCGGCTTATCATCTTC,32,#000000
25[32],24[48],ACATAAAGGTGGCAACATATAAAGAATACCC,31,#000000
17[224],19[223],TTGATACTTCAGCGGAGTGAGAGTCACCAG,30,#000000
2[175],1[183],GGTGTAGA????????????????,24,#00fdff
4[143],3[159],GGAACGGAGCTTTCAGAGGTGGAGGATAATC,31,#000000
11[192],13[191],CGCCAAAAGAACTAACGGAACAACTATTCATT,32,#000000
7[224],9[223],AATAACCAATTGCTGAATATAACCGAAAGA,30,#000000
11[64],13[63],ACGCGCGGTCCGAAATCGGCAAAACAAAGGGC,32,#000000
15[128],17[127],ATTTTCCCATTAAGACGCTGAGAAAAGAATAA,32,#000000
2[207],1[215],GGCGGATT????????????????,24,#00fdff
8[47],6[48],CCCCCTGCCGGCTGGAGGTGTCCAGTGCTGGT,32,#000000
17[192],20[192],AGCTTGCTAAAGGAATTGCGAATAATAGGAACCCATGTACCCGCCACC,48,#000000
22[271],20[272],GATATTCAACTCCTCAAGAGAAGGGCGGAT,30,#000000
2[71],3[63],TTCTGGTGCCGGAAACGATGTGCT,24,#ff0000
2[135],3[127],TGAGGGGACGACGACACGACGGCC,24,#ff0000
6[111],4[112],CGGCCAGACCTTTAGTGATGAAGGAATCGGCG,32,#00f900
14[79],12[80],AAAATCGCGTCTATCACAAAATTCTGTTTG,30,#000000
11[96],13[95],CGCCAGGGCCAGCAGGCGAAAATCATTTGCAC,32,#000000
22[111],20[112],AGTTACAACAAGATTAGTTGCTATGTCTTTCC,32,#00f900
20[255],22[248],GTTGATATGTATTAAGAGGCTGAGCAAACAAATAAATCCT,40,#000000
16[79],14[80],ACTACCTTAAATCAATATATGTGAAGTTAC,30,#000000
2[199],3[191],GACCGTAATGGGATAGTTGTATAA,24,#ff0000
11[256],13[255],CGATAAAATTTTAAGAACTGGCTCGAAACACC,32,#000000
6[239],4[240],GCAATAAAAAAGGGTGAGAAAGGCGGCTATCA,32,#00f900
21[224],23[223],ACCTATTGAAAGCGCAGTCTCTGCCACCCT,30,#000000
23[224],25[223],CAGAGCCAGCGTCAGACTGTAGGTCACCGA,30,#000000
6[271],4[272],ATACAGGCACCATCAATATGATAAGAGGGT,30,#000000
6[79],4[80],CCGGACTTAAAAATCCCGTAAAAGTCCCGG,30,#000000
2[79],1[87],GGCACCGC????????????????,24,#00fdff
11[128],13[127],CGGGCAACGAGTTGCAGCAAGCGGGTAGATTT,32,#000000
6[207],4[208],GGTTGTACAATGCCTGAGTAATGTCAAACAAG,32,#000000
23[248],25[255],CCACCAGAACCACCACTAATCAGTAGCGACAGCCAGCAAA,40,#000000
9[248],11[255],GAGCTTCAAAGCGAACTAGACTGGATAGCGTCCCAGACGA,40,#000000
20[239],18[240],CCCGGAATTACAACGCCTGTAGCAAACAACTT,32,#000000
9[120],11[127],CAGTTGAGGATCCCCGAGCTGTTTCCTGTGTGCAGTGAGA,40,#000000
18[207],16[208],GAACAACTTTCGAGGTGAATTTCTCAACGGCT,32,#000000
17[128],20[128],ACACCGGACATATGCGTTATACAATGAACAAGAAAAATAACAATCAAT,48,#000000
9[56],11[63],ACGGTCATACCGGGGGTAAAGTGTAAAGCCTGATCGGCCA,40,#000000
10[47],8[48],AATGAGTGGCGGCGGGCCGTTTTCTGCCGGTG,32,#000000
5[32],7[31],TTGCCGCCAGCAACCGCAAGAACACGCAAC,30,#000000
25[96],24[112],CAATCAATAGAAAATTCATATGGTGAAAAGTA,32,#000000
10[175],8[176],ATGACCATTTATAGTCAGAAGCAATAAAGTAC,32,#000000
13[224],15[223],GTGAATACATAAGGGAACCGAAAACACTCA,30,#000000
13[256],15[255],AGAACGAGTACTTAGCCGGAACGACAAGCGCG,32,#000000
17[96],19[95],CGTGTGATAGCCAACGCTCAACAGAACGCGCC,32,#000000
8[79],6[80],TGCCGGGTTGCAGGCGCTTTCGCGAACGTG,30,#000000
22[239],20[240],CCAGAATGATTCTGAAACATGAAAAAGTATAG,32,#000000
24[111],22[112],AGCAGATACACAAGAATTGAGTTAAATTTGCC,32,#000000
24[239],22[240],TTGCCTTTACCACCCTCAGAGCCGCATTAAAG,32,#000000
14[175],12[176],CCAGGCGCCTTGACAAGAACCGGAATTATTAC,32,#000000
5[224],7[223],AGATTCAGCCTCAGAGCATAAAAAATGGTC,30,#000000
14[239],12[240],CGGTCAATAGGCTTGCCCTGACGAATTATACC,32,#000000
3[128],6[128],AGTGCCAATAACCTCACCGGAAACGTAAAGTTAAACGATGTTTCGTCT,48,#000000
15[192],17[191],GAAAGAGGTTTGAGGACTAAAGACGGTTTATC,32,#000000
6[191],8[184],TTATGACCTAGATTTAGTTTGACCGTTTTAAATATGCAAC,40,#000000
22[175],20[176],GATACAGGAGTGCCTTGAGTAACACGCCACCC,32,#000000
14[271],12[272],CTCCATGTTAGTAAATTGGGCTTAATTACC,30,#000000
8[143],7[159],TTCTTTGCCTGCGGCTGGTAATGGATAACAG,31,#000000
12[175],10[176],AGGTAGAACATTCAACTAATGCAGAAACGAGA,32,#000000
2[263],3[255],ATCAACATTAAATGTGGTTAAATC,24,#ff0000
8[239],6[240],TAGAGCTTTGTTTAGCTATATTTTAAAATTAA,32,#000000
16[271],14[272],GCTTTTGCTACAACGGAGATTTGCGACCTG,30,#000000
25[224],24[240],CTTGAGCCATTTGGGAATTAGAGAATCAAGT,31,#000000
6[47],4[48],CTGGTCAGCAGCAGTTGGGCGGTTCGTGGTGA,32,#000000
20[111],18[112],TTATCATTAACAATAGATAAGTCCATTCTTAC,32,#000000
16[175],14[176],GAGGAAGTACTACGAAGGCACCAATGTACAGA,32,#000000
9[224],11[223],CTTCAAATCATAAATATTCATTGTAAGAGC,30,#000000
2[167],2[144],TGGGCGCATCGTAACCGTGCATC,23,#ff0000
14[47],12[48],TTACCTGAACGTGGACTCCAACGTTCCCTTAT,32,#000000
6[143],5[159],GTCCGTTTCTGATTGCCGTTCCGGTCAACGC,31,#000000
1[32],3[31],????????????????GCGCCATTCGCCATTCAGGCTGCTCTTCGCT,47,#00fdff
3[160],4[144],AGAAAAGCATATGTACCCCGGTTCCGCCACG,31,#000000
4[79],2[80],AATTTGTGATTAAGTTGGGTAACGCTTTCC,30,#000000
6[255],8[248],GAATTAGCCATTTGGGGCGCGAGCAAGAGGTCATTTTTGC,40,#000000
13[192],15[191],ACCCAAATGAGGACAGATGAACGGCCTAAAAC,32,#000000
4[175],2[176],TGTCAATCCCCAAAAACAGGAAGAGTCACGTT,32,#000000
7[160],8[144],TTGATTCCGAAGTTTCATTCCATGTAAAGGT,31,#000000
16[143],15[159],TAGCTTAGTTAGAATCCTTGAAAAAAAATAC,31,#000000
18[111],16[112],CAGTATAAAAATAAGGCGTTAAATGAGTCAAT,32,#000000
6[63],8[56],TCAGCGTGGCATCAGCGGGGTCATTACCTGCAGCCAGCGG,40,#000000
3[224],5[223],GTTAAAACCTGAGAGTCTGGAGGTAGGTAA,30,#000000
13[128],15[127],TCAGGTTTTTACATCGGGAGAAACATTAATTA,32,#000000
23[184],25[191],CCGCCTCCCTCAGAGCTTTTCGGTCATAGCCCCGGAAATT,40,#000000
16[239],14[240],AGACAGCACCCCCAGCGATTATACGGCGCAGA,32,#00f900
23[96],25[95],AGATAACCGCCGAACAAAGTTACCTTTTGTCA,32,#000000
